block_time,from_address,to_address,amount_usd,tx_hash
2024-01-01 10:30:00,0x1234567890abcdef1234567890abcdef12345678,0x9876543210fedcba9876543210fedcba98765432,1500.50,0xabc123
2024-01-01 11:45:00,0xabcdefabcdefabcdefabcdefabcdefabcdefabcd,0xef0123ef0123ef0123ef0123ef0123ef0123ef01,2300.75,0xdef456
2024-01-01 14:20:00,0x1234567890abcdef1234567890abcdef12345678,0x5555555555555555555555555555555555555555,850.00,0xghi789
2024-01-02 09:15:00,0x2222222222222222222222222222222222222222,0x3333333333333333333333333333333333333333,4200.00,0xjkl012
2024-01-02 10:30:00,0xabcdefabcdefabcdefabcdefabcdefabcdefabcd,0x9876543210fedcba9876543210fedcba98765432,1800.25,0xmno345
2024-01-02 15:45:00,0x4444444444444444444444444444444444444444,0x5555555555555555555555555555555555555555,3500.00,0xpqr678
2024-01-03 08:00:00,0x1234567890abcdef1234567890abcdef12345678,0x3333333333333333333333333333333333333333,2100.50,0xstu901
2024-01-03 12:30:00,0x6666666666666666666666666666666666666666,0x7777777777777777777777777777777777777777,5600.75,0xvwx234
2024-01-03 16:20:00,0xabcdefabcdefabcdefabcdefabcdefabcdefabcd,0x9876543210fedcba9876543210fedcba98765432,1200.00,0xyza567
2024-01-04 10:10:00,0x2222222222222222222222222222222222222222,0x4444444444444444444444444444444444444444,3300.00,0xbcd890
2024-01-04 14:40:00,0x1234567890abcdef1234567890abcdef12345678,0x5555555555555555555555555555555555555555,900.50,0xefg123
2024-01-04 18:55:00,0x8888888888888888888888888888888888888888,0x9999999999999999999999999999999999999999,6700.00,0xhij456
2024-01-05 09:30:00,0xabcdefabcdefabcdefabcdefabcdefabcdefabcd,0x3333333333333333333333333333333333333333,1500.75,0xklm789
2024-01-05 11:20:00,0x6666666666666666666666666666666666666666,0x5555555555555555555555555555555555555555,2800.00,0xnop012
2024-01-05 15:45:00,0x1234567890abcdef1234567890abcdef12345678,0x9876543210fedcba9876543210fedcba98765432,1100.25,0xqrs345
2024-01-06 10:00:00,0x2222222222222222222222222222222222222222,0x7777777777777777777777777777777777777777,4500.00,0xtuv678
2024-01-06 13:30:00,0xabcdefabcdefabcdefabcdefabcdefabcdefabcd,0x4444444444444444444444444444444444444444,1900.50,0xwxy901
2024-01-06 17:10:00,0x8888888888888888888888888888888888888888,0x3333333333333333333333333333333333333333,7200.00,0xzab234
2024-01-07 08:45:00,0x1234567890abcdef1234567890abcdef12345678,0x5555555555555555555555555555555555555555,950.00,0xcde567
2024-01-07 12:15:00,0x6666666666666666666666666666666666666666,0x9876543210fedcba9876543210fedcba98765432,3100.75,0xfgh890
2024-01-07 16:40:00,0xabcdefabcdefabcdefabcdefabcdefabcdefabcd,0x7777777777777777777777777777777777777777,1600.00,0xijk123
2024-01-08 09:20:00,0x2222222222222222222222222222222222222222,0x3333333333333333333333333333333333333333,4100.25,0xlmn456
2024-01-08 11:50:00,0x1234567890abcdef1234567890abcdef12345678,0x9876543210fedcba9876543210fedcba98765432,1250.50,0xopq789
2024-01-08 14:30:00,0x8888888888888888888888888888888888888888,0x5555555555555555555555555555555555555555,6900.00,0xrst012
2024-01-09 10:10:00,0xabcdefabcdefabcdefabcdefabcdefabcdefabcd,0x4444444444444444444444444444444444444444,1850.75,0xuvw345
2024-01-09 13:40:00,0x6666666666666666666666666666666666666666,0x3333333333333333333333333333333333333333,2900.00,0xxyz678
2024-01-09 17:20:00,0x1234567890abcdef1234567890abcdef12345678,0x7777777777777777777777777777777777777777,1050.25,0xabc901
2024-01-10 08:30:00,0x2222222222222222222222222222222222222222,0x9876543210fedcba9876543210fedcba98765432,4400.00,0xdef234
2024-01-10 12:00:00,0xabcdefabcdefabcdefabcdefabcdefabcdefabcd,0x5555555555555555555555555555555555555555,1750.50,0xghi567
2024-01-10 15:30:00,0x8888888888888888888888888888888888888888,0x3333333333333333333333333333333333333333,7400.75,0xjkl890
2024-01-11 09:45:00,0x1234567890abcdef1234567890abcdef12345678,0x4444444444444444444444444444444444444444,1350.00,0xmno123
2024-01-11 13:15:00,0x6666666666666666666666666666666666666666,0x9876543210fedcba9876543210fedcba98765432,3200.25,0xpqr456
2024-01-11 16:50:00,0xabcdefabcdefabcdefabcdefabcdefabcdefabcd,0x7777777777777777777777777777777777777777,1550.50,0xstu789
2024-01-12 10:20:00,0x2222222222222222222222222222222222222222,0x3333333333333333333333333333333333333333,4600.75,0xvwx012
2024-01-12 14:40:00,0x1234567890abcdef1234567890abcdef12345678,0x5555555555555555555555555555555555555555,1450.00,0xyza345
2024-01-13 09:00:00,0x8888888888888888888888888888888888888888,0x9876543210fedcba9876543210fedcba98765432,7600.25,0xbcd678
2024-01-13 12:30:00,0xabcdefabcdefabcdefabcdefabcdefabcdefabcd,0x4444444444444444444444444444444444444444,1650.50,0xefg901
2024-01-13 16:10:00,0x6666666666666666666666666666666666666666,0x3333333333333333333333333333333333333333,3000.75,0xhij234
2024-01-14 08:40:00,0x1234567890abcdef1234567890abcdef12345678,0x7777777777777777777777777777777777777777,1150.00,0xklm567
2024-01-14 11:20:00,0x2222222222222222222222222222222222222222,0x9876543210fedcba9876543210fedcba98765432,4800.25,0xnop890
2024-01-15 10:50:00,0xabcdefabcdefabcdefabcdefabcdefabcdefabcd,0x5555555555555555555555555555555555555555,1950.50,0xqrs123
2024-01-15 14:30:00,0x8888888888888888888888888888888888888888,0x3333333333333333333333333333333333333333,7800.75,0xtuv456
2024-01-15 17:45:00,0x1234567890abcdef1234567890abcdef12345678,0x4444444444444444444444444444444444444444,1250.00,0xwxy789
2024-01-16 09:15:00,0x6666666666666666666666666666666666666666,0x9876543210fedcba9876543210fedcba98765432,3300.25,0xzab012
2024-01-16 13:00:00,0xabcdefabcdefabcdefabcdefabcdefabcdefabcd,0x7777777777777777777777777777777777777777,1850.50,0xcde345
2024-01-17 10:30:00,0x2222222222222222222222222222222222222222,0x3333333333333333333333333333333333333333,5000.75,0xfgh678
2024-01-17 15:20:00,0x1234567890abcdef1234567890abcdef12345678,0x5555555555555555555555555555555555555555,1550.00,0xijk901
2024-01-18 08:50:00,0x8888888888888888888888888888888888888888,0x9876543210fedcba9876543210fedcba98765432,8000.25,0xlmn234
2024-01-18 12:40:00,0xabcdefabcdefabcdefabcdefabcdefabcdefabcd,0x4444444444444444444444444444444444444444,2050.50,0xopq567
2024-01-18 16:15:00,0x6666666666666666666666666666666666666666,0x3333333333333333333333333333333333333333,3400.75,0xrst890


